Country Code,Country Name,Year,Health Expenditure,Life Expectancy,Number of Records
AUS,Australia,1971,223.592,71.068292683,1
AUS,Australia,1972,239.1784,71.457560976,1
AUS,Australia,1973,264.0303,71.846829268,1
AUS,Australia,1974,322.3286,72.236097561,1
AUS,Australia,1975,401.8512,72.625365854,1
AUS,Australia,1976,430.061,73.014634146,1
AUS,Australia,1977,472.8991,73.344390244,1
AUS,Australia,1978,510.7161,73.674146341,1
AUS,Australia,1979,554.7626,74.003902439,1
AUS,Australia,1980,615.7256,74.333658537,1
AUS,Australia,1981,697.3706,74.663414634,1
AUS,Australia,1982,731.9027,74.904878049,1
AUS,Australia,1983,773.4711,75.146341463,1
AUS,Australia,1984,817.2866,75.387804878,1
AUS,Australia,1985,881.2391,75.629268293,1
AUS,Australia,1986,941.1635,75.870731707,1
AUS,Australia,1987,981.6215,76.151707317,1
AUS,Australia,1988,1039.8854,76.432682927,1
AUS,Australia,1989,1091.3294,76.713658537,1
AUS,Australia,1990,1154.0445,76.994634146,1
AUS,Australia,1991,1229.3906,77.275609756,1
AUS,Australia,1992,1307.222,77.378048780,1
AUS,Australia,1993,1381.1135,77.878048780,1
AUS,Australia,1994,1470.8096,77.878048780,1
AUS,Australia,1995,1554.7982,77.829268293,1
AUS,Australia,1996,1645.0156,78.078048780,1
AUS,Australia,1997,1730.7444,78.480487805,1
AUS,Australia,1998,1858.2922,78.631707317,1
AUS,Australia,1999,1986.4928,78.931707317,1
AUS,Australia,2000,2156.808,79.234146341,1
AUS,Australia,2001,2271.4553,79.634146341,1
AUS,Australia,2002,2426.4793,79.936585366,1
AUS,Australia,2003,2546.2803,80.239024390,1
AUS,Australia,2004,2745.6316,80.490243902,1
AUS,Australia,2005,2842.1321,80.841463415,1
AUS,Australia,2006,3023.0978,81.041463415,1
AUS,Australia,2007,3196.226,81.292682927,1
AUS,Australia,2008,3310.1708,81.395121951,1
AUS,Australia,2009,3564.4049,81.543902439,1
AUS,Australia,2010,3607.3407,81.695121951,1
AUS,Australia,2011,3794.0874,81.895121951,1
AUS,Australia,2012,3807.6819,82.046341463,1
AUS,Australia,2013,4176.853,82.148780488,1
AUS,Australia,2014,4206.8516,82.251219512,1
AUT,Austria,1970,186.3145,69.914634146,1
AUT,Austria,1971,201.9619,70.114634146,1
AUT,Austria,1972,222.2858,70.463414634,1
AUT,Austria,1973,249.2017,71.014634146,1
AUT,Austria,1974,295.0659,71.012195122,1
AUT,Austria,1975,412.0627,71.114634146,1
AUT,Austria,1976,471.7179,71.565853659,1
AUT,Austria,1977,521.641,71.914634146,1
AUT,Austria,1978,579.8399,72.012195122,1
AUT,Austria,1979,660.0909,72.312195122,1
AUT,Austria,1980,742.5189,72.463414634,1
AUT,Austria,1981,693.6662,72.812195122,1
AUT,Austria,1982,747.8722,72.960975610,1
AUT,Austria,1983,779.4923,73.012195122,1
AUT,Austria,1984,814.0641,73.612195122,1
AUT,Austria,1985,879.5659,73.814634146,1
AUT,Austria,1986,933.7634,74.317073171,1
AUT,Austria,1987,1015.9254,74.768292683,1
AUT,Austria,1988,1083.2472,75.217073171,1
AUT,Austria,1989,1189.9067,75.265853659,1
AUT,Austria,1990,1507.933,75.568292683,1
AUT,Austria,1991,1608.9806,75.617073171,1
AUT,Austria,1992,1724.7343,75.817073171,1
AUT,Austria,1993,1874.6122,76.068292683,1
AUT,Austria,1994,2041.3374,76.419512195,1
AUT,Austria,1995,2120.4786,76.668292683,1
AUT,Austria,1996,2188.0253,76.870731707,1
AUT,Austria,1997,2298.8535,77.319512195,1
AUT,Austria,1998,2452.2438,77.670731707,1
AUT,Austria,1999,2587.061,77.875609756,1
AUT,Austria,2000,2726.4305,78.126829268,1
AUT,Austria,2001,2772.9361,78.575609756,1
AUT,Austria,2002,2942.5631,78.678048780,1
AUT,Austria,2003,3085.9336,78.631707317,1
AUT,Austria,2004,3260.8522,79.180487805,1
AUT,Austria,2005,3324.0795,79.331707317,1
AUT,Austria,2006,3567.6495,79.880487805,1
AUT,Austria,2007,3718.739,80.180487805,1
AUT,Austria,2008,3964.8495,80.431707317,1
AUT,Austria,2009,4119.7452,80.331707317,1
AUT,Austria,2010,4236.3164,80.580487805,1
AUT,Austria,2011,4362.3426,80.982926829,1
AUT,Austria,2012,4646.4365,80.936585366,1
AUT,Austria,2013,4806.3934,81.136585366,1
AUT,Austria,2014,4895.9992,81.336585366,1
BEL,Belgium,1970,151.4503,70.971951220,1
BEL,Belgium,1971,168.5058,71.060487805,1
BEL,Belgium,1972,191.5558,71.405121951,1
BEL,Belgium,1973,228.2962,71.635365854,1
BEL,Belgium,1974,262.2699,71.985853659,1
BEL,Belgium,1975,352.0285,71.971219512,1
BEL,Belgium,1976,406.3051,72.119756098,1
BEL,Belgium,1977,469.1313,72.773902439,1
BEL,Belgium,1978,531.6262,72.698048780,1
BEL,Belgium,1979,586.8149,73.193658537,1
BEL,Belgium,1980,645.0063,73.207073171,1
BEL,Belgium,1981,750.4773,73.621707317,1
BEL,Belgium,1982,829.7761,73.888048780,1
BEL,Belgium,1983,886.4823,73.869024390,1
BEL,Belgium,1984,919.2787,74.404878049,1
BEL,Belgium,1985,971.0915,74.520243902,1
BEL,Belgium,1986,1033.5016,74.731707317,1
BEL,Belgium,1987,1099.8816,75.365853659,1
BEL,Belgium,1988,1188.2074,75.565853659,1
BEL,Belgium,1989,1262.5005,75.632682927,1
BEL,Belgium,1990,1354.4443,76.051951220,1
BEL,Belgium,1991,1481.8642,76.192195122,1
BEL,Belgium,1992,1569.6355,76.351219512,1
BEL,Belgium,1993,1611.0269,76.345365854,1
BEL,Belgium,1994,1648.9681,76.691707317,1
BEL,Belgium,1995,1710.4518,76.840731707,1
BEL,Belgium,1996,1804.5439,77.187317073,1
BEL,Belgium,1997,1849.8923,77.370731707,1
BEL,Belgium,1998,1920.7638,77.473170732,1
BEL,Belgium,1999,2047.9187,77.619512195,1
BEL,Belgium,2000,2245.8634,77.721951220,1
BEL,Belgium,2001,2366.5965,77.973170732,1
BEL,Belgium,2002,2542.4562,78.075609756,1
BEL,Belgium,2003,2822.6807,78.129268293,1
BEL,Belgium,2004,2913.2791,78.878048780,1
BEL,Belgium,2005,2985.8089,78.980487805,1
BEL,Belgium,2006,3136.9155,79.380487805,1
BEL,Belgium,2007,3286.2254,79.782926829,1
BEL,Belgium,2008,3542.3542,79.680487805,1
BEL,Belgium,2009,3804.7643,79.982926829,1
BEL,Belgium,2010,3901.9126,80.182926829,1
BEL,Belgium,2011,4132.3109,80.585365854,1
BEL,Belgium,2012,4286.4123,80.385365854,1
BEL,Belgium,2013,4485.4804,80.587804878,1
BEL,Belgium,2014,4522.045,80.587804878,1
CAN,Canada,1970,287.4771,72.700487805,1
CAN,Canada,1971,324.0512,73.029268293,1
CAN,Canada,1972,347.9395,72.933902439,1
CAN,Canada,1973,368.6198,73.162682927,1
CAN,Canada,1974,403.0845,73.237560976,1
CAN,Canada,1975,474.4168,73.521707317,1
CAN,Canada,1976,522.4715,73.856097561,1
CAN,Canada,1977,565.5264,74.215609756,1
CAN,Canada,1978,620.3476,74.529756098,1
CAN,Canada,1979,678.4152,74.866341463,1
CAN,Canada,1980,766.2398,75.078048780,1
CAN,Canada,1981,882.5133,75.478536585,1
CAN,Canada,1982,993.885,75.680487805,1
CAN,Canada,1983,1073.7424,76.036341463,1
CAN,Canada,1984,1149.5639,76.317560976,1
CAN,Canada,1985,1232.7336,76.303414634,1
CAN,Canada,1986,1312.9797,76.44,1
CAN,Canada,1987,1372.9816,76.739512195,1
CAN,Canada,1988,1464.7584,76.809268293,1
CAN,Canada,1989,1570.801,77.065609756,1
CAN,Canada,1990,1691.9502,77.377073171,1
CAN,Canada,1991,1828.6897,77.553414634,1
CAN,Canada,1992,1916.4154,77.320731707,1
CAN,Canada,1993,1966.955,77.685121951,1
CAN,Canada,1994,1997.0656,77.861951220,1
CAN,Canada,1995,2001.2318,77.977560976,1
CAN,Canada,1996,2001.8672,78.230487805,1
CAN,Canada,1997,2097.9041,78.480487805,1
CAN,Canada,1998,2245.9346,78.662439024,1
CAN,Canada,1999,2318.9571,78.882926829,1
CAN,Canada,2000,2422.0817,79.236585366,1
CAN,Canada,2001,2609.2285,79.487804878,1
CAN,Canada,2002,2742.4513,79.590243902,1
CAN,Canada,2003,2913.6997,79.839024390,1
CAN,Canada,2004,3076.0005,80.141463415,1
CAN,Canada,2005,3282.4541,80.292682927,1
CAN,Canada,2006,3505.0061,80.418780488,1
CAN,Canada,2007,3675.4766,80.634390244,1
CAN,Canada,2008,3822.6386,80.825365854,1
CAN,Canada,2009,4108.7578,81.111463415,1
CAN,Canada,2010,4242.3395,81.412926829,1
CAN,Canada,2011,4263.4169,81.349292683,1
CAN,Canada,2012,4319.9434,81.562439024,1
CAN,Canada,2013,4502.7427,81.765048780,1
CAN,Canada,2014,4491.7648,81.956609756,1
CHE,Switzerland,1970,345.3678,73.020243902,1
CHE,Switzerland,1971,392.4962,73.130731707,1
CHE,Switzerland,1972,416.6092,73.644390244,1
CHE,Switzerland,1973,455.9513,73.940975610,1
CHE,Switzerland,1974,535.5791,74.287073171,1
CHE,Switzerland,1975,618.5619,74.665609756,1
CHE,Switzerland,1976,669.7635,74.785365854,1
CHE,Switzerland,1977,730.4875,75.238048780,1
CHE,Switzerland,1978,786.1328,75.187317073,1
CHE,Switzerland,1979,882.7052,75.466097561,1
CHE,Switzerland,1980,1007.6518,75.459268293,1
CHE,Switzerland,1981,1123.2798,75.693170732,1
CHE,Switzerland,1982,1194.4246,76.033902439,1
CHE,Switzerland,1983,1310.4866,76.031219512,1
CHE,Switzerland,1984,1346.3352,76.608536585,1
CHE,Switzerland,1985,1434.7317,76.733658537,1
CHE,Switzerland,1986,1519.943,76.899024390,1
CHE,Switzerland,1987,1618.5075,77.197560976,1
CHE,Switzerland,1988,1728.7078,77.226585366,1
CHE,Switzerland,1989,1864.637,77.421219512,1
CHE,Switzerland,1990,1968.0406,77.242439024,1
CHE,Switzerland,1991,2152.7988,77.514634146,1
CHE,Switzerland,1992,2277.882,77.806097561,1
CHE,Switzerland,1993,2329.2126,78.085365854,1
CHE,Switzerland,1994,2411.0169,78.35,1
CHE,Switzerland,1995,2561.8827,78.417073171,1
CHE,Switzerland,1996,2729.1252,78.896097561,1
CHE,Switzerland,1997,2840.3597,79.079512195,1
CHE,Switzerland,1998,2977.7701,79.324390244,1
CHE,Switzerland,1999,3073.2264,79.580487805,1
CHE,Switzerland,2000,3221.7795,79.680487805,1
CHE,Switzerland,2001,3429.1233,80.180487805,1
CHE,Switzerland,2002,3672.9233,80.385365854,1
CHE,Switzerland,2003,3785.126,80.536585366,1
CHE,Switzerland,2004,3935.8776,81.087804878,1
CHE,Switzerland,2005,4015.3331,81.236585366,1
CHE,Switzerland,2006,4251.3673,81.490243902,1
CHE,Switzerland,2007,4567.3285,81.741463415,1
CHE,Switzerland,2008,4933.1,81.992682927,1
CHE,Switzerland,2009,5183.952,82.043902439,1
CHE,Switzerland,2010,5371.4504,82.246341463,1
CHE,Switzerland,2011,5787.6672,82.695121951,1
CHE,Switzerland,2012,6288.6475,82.697560976,1
CHE,Switzerland,2013,6635.2769,82.797560976,1
CHE,Switzerland,2014,6786.5657,82.848780488,1
CHL,Chile,1995,386.4554,74.830390244,1
CHL,Chile,1996,457.4692,75.241609756,1
CHL,Chile,1997,502.2545,75.646365854,1
CHL,Chile,1998,562.7385,76.044658537,1
CHL,Chile,1999,575.2054,76.435975610,1
CHL,Chile,2000,610.4082,76.820829268,1
CHL,Chile,2001,648.7998,77.198707317,1
CHL,Chile,2002,668.9071,77.569585366,1
CHL,Chile,2003,783.3854,77.932975610,1
CHL,Chile,2004,803.8802,78.289390244,1
CHL,Chile,2005,837.7758,78.638292683,1
CHL,Chile,2006,936.2072,78.979170732,1
CHL,Chile,2007,1031.0343,79.313536585,1
CHL,Chile,2008,1097.2873,79.640902439,1
CHL,Chile,2009,1150.0554,79.960804878,1
CHL,Chile,2010,1219.6509,80.275804878,1
CHL,Chile,2011,1358.1965,80.586975610,1
CHL,Chile,2012,1485.319,80.894853659,1
CHL,Chile,2013,1558.4465,81.197926829,1
CHL,Chile,2014,1688.5233,81.496195122,1
CZE,Czech Republic,1990,476.9631,71.383902439,1
CZE,Czech Republic,1991,452.5691,71.898292683,1
CZE,Czech Republic,1992,474.7148,72.271707317,1
CZE,Czech Republic,1993,650.6677,72.767804878,1
CZE,Czech Republic,1994,704.2931,72.972682927,1
CZE,Czech Republic,1995,795.1116,73.074878049,1
CZE,Czech Republic,1996,827.8918,73.714634146,1
CZE,Czech Republic,1997,841.0002,73.824878049,1
CZE,Czech Republic,1998,842.7366,74.514634146,1
CZE,Czech Republic,1999,893.9575,74.668292683,1
CZE,Czech Republic,2000,933.6127,74.968292683,1
CZE,Czech Republic,2001,1041.4699,75.173170732,1
CZE,Czech Republic,2002,1138.5076,75.221951220,1
CZE,Czech Republic,2003,1289.5129,75.170731707,1
CZE,Czech Republic,2004,1342.0659,75.721951220,1
CZE,Czech Republic,2005,1425.1388,75.924390244,1
CZE,Czech Republic,2006,1514.1975,76.524390244,1
CZE,Czech Republic,2007,1608.5877,76.724390244,1
CZE,Czech Republic,2008,1727.9885,76.975609756,1
CZE,Czech Republic,2009,1974.0369,77.078048780,1
CZE,Czech Republic,2010,1879.5815,77.424390244,1
CZE,Czech Republic,2011,2001.2635,77.873170732,1
CZE,Czech Republic,2012,2028.2657,78.075609756,1
CZE,Czech Republic,2013,2330.4702,78.175609756,1
CZE,Czech Republic,2014,2386.3385,78.275609756,1
DEU,Germany,1970,258.1594,70.639780488,1
DEU,Germany,1971,302.1459,70.742878049,1
DEU,Germany,1972,343.7003,70.867,1
DEU,Germany,1973,396.4314,71.016682927,1
DEU,Germany,1974,468.7214,71.195414634,1
DEU,Germany,1975,555.566,71.401731707,1
DEU,Germany,1976,619.4491,71.634146341,1
DEU,Germany,1977,675.8422,71.883682927,1
DEU,Germany,1978,752.8158,72.142804878,1
DEU,Germany,1979,832.6286,72.408536585,1
DEU,Germany,1980,941.1213,72.677902439,1
DEU,Germany,1981,1070.3393,72.952390244,1
DEU,Germany,1982,1110.4089,73.230975610,1
DEU,Germany,1983,1175.1552,73.512146341,1
DEU,Germany,1984,1274.0643,73.792853659,1
DEU,Germany,1985,1372.0026,74.064536585,1
DEU,Germany,1986,1412.8683,74.321634146,1
DEU,Germany,1987,1484.8339,74.559609756,1
DEU,Germany,1988,1620.0093,74.778951220,1
DEU,Germany,1989,1609.1452,74.982682927,1
DEU,Germany,1990,1721.5143,75.177365854,1
DEU,Germany,1992,1907.9949,75.819512195,1
DEU,Germany,1993,1915.2877,75.870731707,1
DEU,Germany,1994,2049.6612,76.270731707,1
DEU,Germany,1995,2185.1405,76.421951220,1
DEU,Germany,1996,2312.0275,76.673170732,1
DEU,Germany,1997,2335.1543,77.073170732,1
DEU,Germany,1998,2405.8643,77.475609756,1
DEU,Germany,1999,2512.7486,77.726829268,1
DEU,Germany,2000,2612.5703,77.926829268,1
DEU,Germany,2001,2730.1828,78.329268293,1
DEU,Germany,2002,2869.9629,78.229268293,1
DEU,Germany,2003,3033.0953,78.380487805,1
DEU,Germany,2004,3099.7712,78.680487805,1
DEU,Germany,2005,3297.0591,78.931707317,1
DEU,Germany,2006,3502.6909,79.131707317,1
DEU,Germany,2007,3660.9349,79.534146341,1
DEU,Germany,2008,3901.418,79.736585366,1
DEU,Germany,2009,4130.7969,79.836585366,1
DEU,Germany,2010,4358.6128,79.987804878,1
DEU,Germany,2011,4510.1751,80.741463415,1
DEU,Germany,2012,4694.681,80.892682927,1
DEU,Germany,2013,4921.8139,80.843902439,1
DEU,Germany,2014,5119.2146,80.843902439,1
DNK,Denmark,1971,364.5805,73.414634146,1
DNK,Denmark,1972,397.7483,73.439024390,1
DNK,Denmark,1973,421.208,73.682195122,1
DNK,Denmark,1974,494.7508,73.808292683,1
DNK,Denmark,1975,547.0066,74.075121951,1
DNK,Denmark,1976,602.9201,73.739756098,1
DNK,Denmark,1977,635.8864,74.632439024,1
DNK,Denmark,1978,703.1093,74.392926829,1
DNK,Denmark,1979,797.9974,74.219268293,1
DNK,Denmark,1980,861.222,74.101707317,1
DNK,Denmark,1981,955.3799,74.230487805,1
DNK,Denmark,1982,1059.2843,74.551219512,1
DNK,Denmark,1983,1103.22,74.420487805,1
DNK,Denmark,1984,1127.0169,74.562195122,1
DNK,Denmark,1985,1205.5467,74.427560976,1
DNK,Denmark,1986,1249.5682,74.579756098,1
DNK,Denmark,1987,1335.6857,74.691219512,1
DNK,Denmark,1988,1405.2498,74.771707317,1
DNK,Denmark,1989,1445.2483,74.799756098,1
DNK,Denmark,1990,1510.6198,74.805365854,1
DNK,Denmark,1991,1559.0867,75.157804878,1
DNK,Denmark,1992,1623.3337,75.194146341,1
DNK,Denmark,1993,1724.5152,75.116829268,1
DNK,Denmark,1994,1802.2229,75.375121951,1
DNK,Denmark,1995,1814.5633,75.212682927,1
DNK,Denmark,1996,1916.8516,75.591463415,1
DNK,Denmark,1997,1990.2833,75.945121951,1
DNK,Denmark,1998,2009.4111,76.139024390,1
DNK,Denmark,1999,2297.6172,76.341463415,1
DNK,Denmark,2000,2395.5167,76.592682927,1
DNK,Denmark,2001,2555.382,76.792682927,1
DNK,Denmark,2002,2749.7927,76.895121951,1
DNK,Denmark,2003,2784.0652,77.143902439,1
DNK,Denmark,2004,2986.9486,77.492682927,1
DNK,Denmark,2005,3096.9831,77.843902439,1
DNK,Denmark,2006,3406.8102,78.095121951,1
DNK,Denmark,2007,3605.2153,78.195121951,1
DNK,Denmark,2008,3892.7375,78.446341463,1
DNK,Denmark,2009,4247.8819,78.597560976,1
DNK,Denmark,2010,4370.3331,79.1,1
DNK,Denmark,2011,4430.6885,79.8,1
DNK,Denmark,2012,4544.8568,80.051219512,1
DNK,Denmark,2013,4708.1321,80.3,1
DNK,Denmark,2014,4857.0285,80.548780488,1
ESP,Spain,1970,88.5521,72.027317073,1
ESP,Spain,1971,109.7235,71.630243902,1
ESP,Spain,1972,129.4614,72.818048780,1
ESP,Spain,1973,142.6334,72.610731707,1
ESP,Spain,1974,177.0384,72.969756098,1
ESP,Spain,1975,200.2777,73.318780488,1
ESP,Spain,1976,240.2397,73.642682927,1
ESP,Spain,1977,273.0869,74.131951220,1
ESP,Spain,1978,294.7268,74.295609756,1
ESP,Spain,1979,313.0721,74.818780488,1
ESP,Spain,1980,351.2603,75.349268293,1
ESP,Spain,1981,390.9626,75.528536585,1
ESP,Spain,1982,425.6855,76.134146341,1
ESP,Spain,1983,461.2502,75.909024390,1
ESP,Spain,1984,467.168,76.295365854,1
ESP,Spain,1985,480.4681,76.259512195,1
ESP,Spain,1986,500.6476,76.510487805,1
ESP,Spain,1987,548.0774,76.728048780,1
ESP,Spain,1988,661.5783,76.747073171,1
ESP,Spain,1989,734.8665,76.813658537,1
ESP,Spain,1990,835.3369,76.837560976,1
ESP,Spain,1991,910.1406,76.971219512,1
ESP,Spain,1992,992.3218,77.41,1
ESP,Spain,1993,1048.008,77.546585366,1
ESP,Spain,1994,1081.2951,77.901463415,1
ESP,Spain,1995,1157.1153,77.980731707,1
ESP,Spain,1996,1215.5878,78.120487805,1
ESP,Spain,1997,1263.021,78.604146341,1
ESP,Spain,1998,1340.5293,78.665853659,1
ESP,Spain,1999,1406.4495,78.717073171,1
ESP,Spain,2000,1490.642,78.965853659,1
ESP,Spain,2001,1574.9689,79.368292683,1
ESP,Spain,2002,1677.5396,79.568292683,1
ESP,Spain,2003,1907.9302,79.619512195,1
ESP,Spain,2004,2014.3386,79.870731707,1
ESP,Spain,2005,2139.3333,80.170731707,1
ESP,Spain,2006,2393.3068,80.821951220,1
ESP,Spain,2007,2570.706,80.873170732,1
ESP,Spain,2008,2795.8694,81.175609756,1
ESP,Spain,2009,2944.6196,81.475609756,1
ESP,Spain,2010,2917.9495,81.626829268,1
ESP,Spain,2011,2956.7857,82.475609756,1
ESP,Spain,2012,2929.3567,82.426829268,1
ESP,Spain,2013,2952.175,83.078048780,1
ESP,Spain,2014,3053.0745,83.078048780,1
EST,Estonia,1999,497.1219,70.063414634,1
EST,Estonia,2000,501.3152,70.417073171,1
EST,Estonia,2001,505.0559,70.258536585,1
EST,Estonia,2002,558.7273,70.904878049,1
EST,Estonia,2003,646.7045,71.317073171,1
EST,Estonia,2004,746.8322,71.909756098,1
EST,Estonia,2005,820.7244,72.568292683,1
EST,Estonia,2006,949.1905,72.691463415,1
EST,Estonia,2007,1098.0087,72.814634146,1
EST,Estonia,2008,1284.4079,73.770731707,1
EST,Estonia,2009,1319.5699,74.824390244,1
EST,Estonia,2010,1334.1851,75.429268293,1
EST,Estonia,2011,1392.1765,76.229268293,1
EST,Estonia,2012,1502.9345,76.326829268,1
EST,Estonia,2013,1623.1936,77.141463415,1
EST,Estonia,2014,1724.51,77.239024390,1
FIN,Finland,1970,166.9996,70.179512195,1
FIN,Finland,1971,190.1923,70.017560976,1
FIN,Finland,1972,216.3275,70.707317073,1
FIN,Finland,1973,235.8708,71.223658537,1
FIN,Finland,1974,260.8435,71.134878049,1
FIN,Finland,1975,315.7781,71.673658537,1
FIN,Finland,1976,353.2043,71.812926829,1
FIN,Finland,1977,387.709,72.350243902,1
FIN,Finland,1978,421.6848,72.897073171,1
FIN,Finland,1979,476.0903,73.155365854,1
FIN,Finland,1980,538.641,73.44,1
FIN,Finland,1981,606.4913,73.746585366,1
FIN,Finland,1982,670.5173,74.298048780,1
FIN,Finland,1983,724.6794,74.200975610,1
FIN,Finland,1984,775.8805,74.519024390,1
FIN,Finland,1985,877.3167,74.222926829,1
FIN,Finland,1986,930.1548,74.56,1
FIN,Finland,1987,1005.4197,74.591951220,1
FIN,Finland,1988,1061.1596,74.577073171,1
FIN,Finland,1989,1161.1685,74.792195122,1
FIN,Finland,1990,1297.9226,74.813170732,1
FIN,Finland,1991,1439.3798,75.227560976,1
FIN,Finland,1992,1449.2851,75.455365854,1
FIN,Finland,1993,1347.9213,75.705121951,1
FIN,Finland,1994,1325.3603,76.395609756,1
FIN,Finland,1995,1418.182,76.409512195,1
FIN,Finland,1996,1481.5893,76.693414634,1
FIN,Finland,1997,1538.6158,76.878536585,1
FIN,Finland,1998,1587.6046,77.090731707,1
FIN,Finland,1999,1665.5525,77.291219512,1
FIN,Finland,2000,1816.4327,77.465853659,1
FIN,Finland,2001,1930.9554,77.965853659,1
FIN,Finland,2002,2100.2576,78.119512195,1
FIN,Finland,2003,2219.4643,78.368292683,1
FIN,Finland,2004,2432.1462,78.714634146,1
FIN,Finland,2005,2571.3738,78.817073171,1
FIN,Finland,2006,2768.6527,79.214634146,1
FIN,Finland,2007,2941.9571,79.263414634,1
FIN,Finland,2008,3218.1337,79.568292683,1
FIN,Finland,2009,3336.3316,79.719512195,1
FIN,Finland,2010,3403.1108,79.870731707,1
FIN,Finland,2011,3605.807,80.470731707,1
FIN,Finland,2012,3758.9973,80.626829268,1
FIN,Finland,2013,3890.7877,80.975609756,1
FIN,Finland,2014,3870.4,81.129268293,1
FRA,France,1970,191.8218,71.658536585,1
FRA,France,1975,362.5645,72.853658537,1
FRA,France,1980,649.5386,74.051219512,1
FRA,France,1985,1004.0484,75.3,1
FRA,France,1990,1401.3391,76.6,1
FRA,France,1991,1496.4002,76.848780488,1
FRA,France,1992,1589.4552,77.1,1
FRA,France,1993,1688.2812,77.3,1
FRA,France,1994,1755.1099,77.648780488,1
FRA,France,1995,2037.6149,77.751219512,1
FRA,France,1996,2097.941,77.953658537,1
FRA,France,1997,2162.0783,78.304878049,1
FRA,France,1998,2246.3048,78.604878049,1
FRA,France,1999,2336.1787,78.756097561,1
FRA,France,2000,2484.1715,79.056097561,1
FRA,France,2001,2657.6867,79.158536585,1
FRA,France,2002,2852.5993,79.260975610,1
FRA,France,2003,2828.4727,79.114634146,1
FRA,France,2004,2946.9832,80.163414634,1
FRA,France,2005,3100.9237,80.163414634,1
FRA,France,2006,3253.9671,80.812195122,1
FRA,France,2007,3407.1091,81.112195122,1
FRA,France,2008,3562.5456,81.214634146,1
FRA,France,2009,3774.2044,81.414634146,1
FRA,France,2010,3859.5252,81.663414634,1
FRA,France,2011,4010.3139,82.114634146,1
FRA,France,2012,4062.9108,81.968292683,1
FRA,France,2013,4292.1762,82.219512195,1
FRA,France,2014,4366.9864,82.373170732,1
GBR,United Kingdom,1970,147.8857,71.973170732,1
GBR,United Kingdom,1971,162.0258,72.273170732,1
GBR,United Kingdom,1972,178.6712,72.124390244,1
GBR,United Kingdom,1973,196.9693,72.324390244,1
GBR,United Kingdom,1974,241.7809,72.524390244,1
GBR,United Kingdom,1975,276.1247,72.724390244,1
GBR,United Kingdom,1976,301.1445,72.775609756,1
GBR,United Kingdom,1977,321.4011,73.224390244,1
GBR,United Kingdom,1978,354.6131,73.175609756,1
GBR,United Kingdom,1979,392.8186,73.275609756,1
GBR,United Kingdom,1980,446.9553,73.675609756,1
GBR,United Kingdom,1981,505.5757,74.026829268,1
GBR,United Kingdom,1982,531.47,74.178048780,1
GBR,United Kingdom,1983,597.8042,74.378048780,1
GBR,United Kingdom,1984,622.0385,74.778048780,1
GBR,United Kingdom,1985,654.4169,74.629268293,1
GBR,United Kingdom,1986,685.1712,74.929268293,1
GBR,United Kingdom,1987,747.8186,75.280487805,1
GBR,United Kingdom,1988,803.8776,75.380487805,1
GBR,United Kingdom,1989,845.3638,75.582926829,1
GBR,United Kingdom,1990,887.939,75.880487805,1
GBR,United Kingdom,1991,973.4494,76.082926829,1
GBR,United Kingdom,1992,1078.9976,76.434146341,1
GBR,United Kingdom,1993,1144.029,76.385365854,1
GBR,United Kingdom,1994,1227.6224,76.885365854,1
GBR,United Kingdom,1995,1273.7345,76.836585366,1
GBR,United Kingdom,1996,1351.1875,77.087804878,1
GBR,United Kingdom,1997,1398.7175,77.210975610,1
GBR,United Kingdom,1998,1470.5883,77.190243902,1
GBR,United Kingdom,1999,1573.5414,77.390243902,1
GBR,United Kingdom,2000,1718.608,77.741463415,1
GBR,United Kingdom,2001,1901.332,77.992682927,1
GBR,United Kingdom,2002,2060.468,78.143902439,1
GBR,United Kingdom,2003,2211.542,78.446341463,1
GBR,United Kingdom,2004,2412.166,78.746341463,1
GBR,United Kingdom,2005,2568.468,79.048780488,1
GBR,United Kingdom,2006,2784.489,79.248780488,1
GBR,United Kingdom,2007,2862.43,79.448780488,1
GBR,United Kingdom,2008,2971.154,79.6,1
GBR,United Kingdom,2009,3150.239,80.051219512,1
GBR,United Kingdom,2010,3036.12,80.402439024,1
GBR,United Kingdom,2011,3087.306,80.951219512,1
GBR,United Kingdom,2012,3191.936,80.904878049,1
GBR,United Kingdom,2013,3881.09,81.004878049,1
GBR,United Kingdom,2014,3971.394,81.056097561,1
GRC,Greece,1988,660.1681,75.900658537,1
GRC,Greece,1989,776.5848,76.687804878,1
GRC,Greece,1990,804.2656,76.939024390,1
GRC,Greece,1991,826.0974,77.136585366,1
GRC,Greece,1992,923.8069,77.382926829,1
GRC,Greece,1993,1038.1708,77.390243902,1
GRC,Greece,1994,1180.6036,77.639024390,1
GRC,Greece,1995,1224.2709,77.585365854,1
GRC,Greece,1996,1263.2468,77.685365854,1
GRC,Greece,1997,1312.5507,78.136585366,1
GRC,Greece,1998,1336.0581,77.839024390,1
GRC,Greece,1999,1417.803,77.987804878,1
GRC,Greece,2000,1396.9074,77.887804878,1
GRC,Greece,2001,1669.485,78.387804878,1
GRC,Greece,2002,1870.597,78.641463415,1
GRC,Greece,2003,1951.7097,78.841463415,1
GRC,Greece,2004,2016.8191,79.039024390,1
GRC,Greece,2005,2284.7933,79.239024390,1
GRC,Greece,2006,2534.7392,79.439024390,1
GRC,Greece,2007,2655.2171,79.439024390,1
GRC,Greece,2008,3040.9909,79.939024390,1
GRC,Greece,2009,2990.8342,80.187804878,1
GRC,Greece,2010,2855.3382,80.387804878,1
GRC,Greece,2011,2520.6318,80.731707317,1
GRC,Greece,2012,2324.2907,80.634146341,1
GRC,Greece,2013,2339.7827,81.285365854,1
GRC,Greece,2014,2220.1065,81.285365854,1
HUN,Hungary,1991,527.1463,69.377073171,1
HUN,Hungary,1992,563.0027,69.117073171,1
HUN,Hungary,1993,579.1982,69.101219512,1
HUN,Hungary,1994,651.6828,69.469756098,1
HUN,Hungary,1995,615.7181,69.791707317,1
HUN,Hungary,1996,626.6279,70.328780488,1
HUN,Hungary,1997,635.5987,70.702439024,1
HUN,Hungary,1998,720.3452,70.557804878,1
HUN,Hungary,1999,774.2847,70.677073171,1
HUN,Hungary,2000,819.9948,71.246341463,1
HUN,Hungary,2001,933.1557,72.248780488,1
HUN,Hungary,2002,1063.7962,72.348780488,1
HUN,Hungary,2003,1274.4898,72.3,1
HUN,Hungary,2004,1283.0384,72.648780488,1
HUN,Hungary,2005,1390.8337,72.648780488,1
HUN,Hungary,2006,1463.2271,73.097560976,1
HUN,Hungary,2007,1404.1231,73.151219512,1
HUN,Hungary,2008,1486.7085,73.702439024,1
HUN,Hungary,2009,1521.631,73.904878049,1
HUN,Hungary,2010,1632.9071,74.207317073,1
HUN,Hungary,2011,1715.3205,74.858536585,1
HUN,Hungary,2012,1703.9905,75.063414634,1
HUN,Hungary,2013,1755.5419,75.565853659,1
HUN,Hungary,2014,1796.6034,75.873170732,1
IRL,Ireland,1970,117.4883,70.996219512,1
IRL,Ireland,1971,149.6294,71.081365854,1
IRL,Ireland,1972,165.6653,71.174585366,1
IRL,Ireland,1973,184.1551,71.280878049,1
IRL,Ireland,1974,222.4788,71.403292683,1
IRL,Ireland,1975,256.0463,71.546292683,1
IRL,Ireland,1976,263.3362,71.712878049,1
IRL,Ireland,1977,284.5484,71.900048780,1
IRL,Ireland,1978,338.8649,72.104756098,1
IRL,Ireland,1979,392.5665,72.323024390,1
IRL,Ireland,1980,481.1329,72.549365854,1
IRL,Ireland,1981,508.173,72.777780488,1
IRL,Ireland,1982,535.7402,73.003780488,1
IRL,Ireland,1983,553.5759,73.222390244,1
IRL,Ireland,1984,581.0002,73.434585366,1
IRL,Ireland,1985,618.6488,73.640902439,1
IRL,Ireland,1986,619.5862,73.848804878,1
IRL,Ireland,1987,635.8245,74.063317073,1
IRL,Ireland,1988,661.7991,74.286439024,1
IRL,Ireland,1989,685.567,74.515609756,1
IRL,Ireland,1990,750.5787,74.741317073,1
IRL,Ireland,1991,849.226,74.950536585,1
IRL,Ireland,1992,929.9279,75.136243902,1
IRL,Ireland,1993,980.4917,75.296439024,1
IRL,Ireland,1994,1037.9826,75.437634146,1
IRL,Ireland,1995,1124.7885,75.571341463,1
IRL,Ireland,1996,1183.9985,75.831707317,1
IRL,Ireland,1997,1291.4988,75.985365854,1
IRL,Ireland,1998,1381.3734,76.180487805,1
IRL,Ireland,1999,1483.2093,76.082926829,1
IRL,Ireland,2000,1749.0146,76.536585366,1
IRL,Ireland,2001,2034.3981,77.134146341,1
IRL,Ireland,2002,2298.9631,77.634146341,1
IRL,Ireland,2003,2520.871,78.139024390,1
IRL,Ireland,2004,2755.4185,78.539024390,1
IRL,Ireland,2005,3097.1122,78.943902439,1
IRL,Ireland,2006,3304.4115,79.241463415,1
IRL,Ireland,2007,3649.2954,79.641463415,1
IRL,Ireland,2008,4000.7079,80.095121951,1
IRL,Ireland,2009,4407.799,80.190243902,1
IRL,Ireland,2010,4585.4044,80.743902439,1
IRL,Ireland,2011,4514.9774,80.746341463,1
IRL,Ireland,2012,4658.284,80.895121951,1
IRL,Ireland,2013,4980.3999,81,1
IRL,Ireland,2014,5001.322,81.153658537,1
ISL,Iceland,1970,176.9406,73.933902439,1
ISL,Iceland,1971,227.8839,73.570487805,1
ISL,Iceland,1972,243.8671,74.455853659,1
ISL,Iceland,1973,247.8772,74.450975610,1
ISL,Iceland,1974,321.6482,74.511707317,1
ISL,Iceland,1975,377.2202,75.578780488,1
ISL,Iceland,1976,391.7099,76.972195122,1
ISL,Iceland,1977,444.8947,76.373658537,1
ISL,Iceland,1978,538.854,76.649268293,1
ISL,Iceland,1979,684.5931,76.773170732,1
ISL,Iceland,1980,723.158,76.846585366,1
ISL,Iceland,1981,832.769,76.521463415,1
ISL,Iceland,1982,933.9135,77.037804878,1
ISL,Iceland,1983,1027.8413,76.845609756,1
ISL,Iceland,1984,1033.6359,77.576585366,1
ISL,Iceland,1985,1132.1416,77.602439024,1
ISL,Iceland,1986,1300.3055,77.990731707,1
ISL,Iceland,1987,1466.4293,77.339024390,1
ISL,Iceland,1988,1610.2986,77.082926829,1
ISL,Iceland,1989,1619.7326,78.140975610,1
ISL,Iceland,1990,1610.2953,78.036341463,1
ISL,Iceland,1991,1680.0298,77.991951220,1
ISL,Iceland,1992,1683.0547,78.760243902,1
ISL,Iceland,1993,1747.6494,78.934634146,1
ISL,Iceland,1994,1792.7196,79.247073171,1
ISL,Iceland,1995,1851.5667,77.984390244,1
ISL,Iceland,1996,1935.7508,78.777804878,1
ISL,Iceland,1997,2061.6143,78.885365854,1
ISL,Iceland,1998,2410.4274,79.602439024,1
ISL,Iceland,1999,2601.1358,79.351219512,1
ISL,Iceland,2000,2672.9878,79.653658537,1
ISL,Iceland,2001,2783.3467,80.690243902,1
ISL,Iceland,2002,3078.4478,80.502439024,1
ISL,Iceland,2003,3198.3977,80.963414634,1
ISL,Iceland,2004,3339.1786,80.997560976,1
ISL,Iceland,2005,3294.4734,81.502439024,1
ISL,Iceland,2006,3276.3176,81.158536585,1
ISL,Iceland,2007,3375.6701,81.453658537,1
ISL,Iceland,2008,3628.0346,81.609756098,1
ISL,Iceland,2009,3624.4513,81.751219512,1
ISL,Iceland,2010,3405.9865,81.897560976,1
ISL,Iceland,2011,3420.6305,82.358536585,1
ISL,Iceland,2012,3506.4164,82.917073171,1
ISL,Iceland,2013,3739.4503,82.060975610,1
ISL,Iceland,2014,3896.9251,82.060975610,1
ISR,Israel,1977,356.214,72.958536585,1
ISR,Israel,1978,432.6298,73.207317073,1
ISR,Israel,1979,526.2098,73.507317073,1
ISR,Israel,1980,577.344,73.875609756,1
ISR,Israel,1981,632.9434,74.260975610,1
ISR,Israel,1982,679.4635,74.109756098,1
ISR,Israel,1983,764.464,74.458536585,1
ISR,Israel,1984,954.6426,74.807317073,1
ISR,Israel,1985,750.0785,75.207317073,1
ISR,Israel,1986,731.1385,74.956097561,1
ISR,Israel,1987,802.83,75.258536585,1
ISR,Israel,1988,873.6201,74.436585366,1
ISR,Israel,1989,963.2694,76.307317073,1
ISR,Israel,1990,977.2241,76.607317073,1
ISR,Israel,1991,976.8055,76.758536585,1
ISR,Israel,1992,1083.5857,76.504878049,1
ISR,Israel,1993,1154.4308,77.153658537,1
ISR,Israel,1994,1322.5405,77.402439024,1
ISR,Israel,1995,1364.8885,77.451219512,1
ISR,Israel,1996,1454.7886,78.104878049,1
ISR,Israel,1997,1530.6489,78,1
ISR,Israel,1998,1561.5433,78.148780488,1
ISR,Israel,1999,1533.3425,78.658536585,1
ISR,Israel,2000,1694.5716,78.953658537,1
ISR,Israel,2001,1803.6441,79.407317073,1
ISR,Israel,2002,1802.9913,79.451219512,1
ISR,Israel,2003,1689.7749,79.648780488,1
ISR,Israel,2004,1774.8252,80.146341463,1
ISR,Israel,2005,1768.9521,80.151219512,1
ISR,Israel,2006,1783.7368,80.553658537,1
ISR,Israel,2007,1899.5578,80.504878049,1
ISR,Israel,2008,1917.6632,80.951219512,1
ISR,Israel,2009,1942.783,81.404878049,1
ISR,Israel,2010,2025.5808,81.602439024,1
ISR,Israel,2011,2139.2641,81.656097561,1
ISR,Israel,2012,2273.3898,81.704878049,1
ISR,Israel,2013,2473.2848,82.056097561,1
ISR,Israel,2014,2547.401,82.153658537,1
ITA,Italy,1988,1074.6384,76.370731707,1
ITA,Italy,1989,1151.0907,76.819512195,1
ITA,Italy,1990,1281.8826,76.970731707,1
ITA,Italy,1991,1388.9875,77.019512195,1
ITA,Italy,1992,1405.525,77.419512195,1
ITA,Italy,1993,1419.7029,77.721951220,1
ITA,Italy,1994,1448.6155,77.921951220,1
ITA,Italy,1995,1507.7006,78.170731707,1
ITA,Italy,1996,1576.9319,78.521951220,1
ITA,Italy,1997,1692.9319,78.824390244,1
ITA,Italy,1998,1792.3389,78.975609756,1
ITA,Italy,1999,1845.6069,79.424390244,1
ITA,Italy,2000,2019.4276,79.778048780,1
ITA,Italy,2001,2194.4551,80.126829268,1
ITA,Italy,2002,2202.0358,80.229268293,1
ITA,Italy,2003,2235.811,79.982926829,1
ITA,Italy,2004,2355.7084,80.780487805,1
ITA,Italy,2005,2479.3278,80.782926829,1
ITA,Italy,2006,2703.1626,81.282926829,1
ITA,Italy,2007,2751.8517,81.434146341,1
ITA,Italy,2008,3011.2728,81.485365854,1
ITA,Italy,2009,3064.7996,81.636585366,1
ITA,Italy,2010,3108.2039,82.036585366,1
ITA,Italy,2011,3169.0494,82.187804878,1
ITA,Italy,2012,3174.261,82.239024390,1
ITA,Italy,2013,3141.8651,82.690243902,1
ITA,Italy,2014,3206.8286,82.690243902,1
JPN,Japan,1970,141.137,71.950243902,1
JPN,Japan,1971,157.0962,72.882926829,1
JPN,Japan,1972,179.3623,73.506585366,1
JPN,Japan,1973,196.173,73.757560976,1
JPN,Japan,1974,228.7534,74.393902439,1
JPN,Japan,1975,281.4097,75.057317073,1
JPN,Japan,1976,305.5513,75.456829268,1
JPN,Japan,1977,343.9546,75.898292683,1
JPN,Japan,1978,397.0256,76.038292683,1
JPN,Japan,1979,459.1314,76.337560976,1
JPN,Japan,1980,544.6309,76.091707317,1
JPN,Japan,1981,622.7155,76.414390244,1
JPN,Japan,1982,695.7236,76.922926829,1
JPN,Japan,1983,751.8829,76.961463415,1
JPN,Japan,1984,783.9361,77.365365854,1
JPN,Japan,1985,863.347,77.650487805,1
JPN,Japan,1986,894.6269,78.064634146,1
JPN,Japan,1987,952.0212,78.483658537,1
JPN,Japan,1988,1004.3207,78.399268293,1
JPN,Japan,1989,1051.3848,78.818048780,1
JPN,Japan,1990,1116.7064,78.836829268,1
JPN,Japan,1991,1195.9912,79.100731707,1
JPN,Japan,1992,1283.3253,79.153902439,1
JPN,Japan,1993,1371.3138,79.293658537,1
JPN,Japan,1994,1469.0998,79.687073171,1
JPN,Japan,1995,1469.5138,79.536341463,1
JPN,Japan,1996,1501.2085,80.200243902,1
JPN,Japan,1997,1607.6141,80.424146341,1
JPN,Japan,1998,1656.82,80.501463415,1
JPN,Japan,1999,1765.9755,80.570731707,1
JPN,Japan,2000,1914.8514,81.076097561,1
JPN,Japan,2001,2019.8249,81.417073171,1
JPN,Japan,2002,2104.6727,81.563414634,1
JPN,Japan,2003,2198.8429,81.76,1
JPN,Japan,2004,2327.8175,82.030243902,1
JPN,Japan,2005,2463.7249,81.925121951,1
JPN,Japan,2006,2580.1459,82.321951220,1
JPN,Japan,2007,2723.8322,82.507073171,1
JPN,Japan,2008,2852.8629,82.587560976,1
JPN,Japan,2009,2998.5676,82.931463415,1
JPN,Japan,2010,3204.9489,82.842682927,1
JPN,Japan,2011,3799.1178,82.591219512,1
JPN,Japan,2012,4016.7772,83.096097561,1
JPN,Japan,2013,4151.7546,83.331951220,1
JPN,Japan,2014,4152.3727,83.587804878,1
KOR,"Korea, Rep.",1970,16.1934,62.035853659,1
KOR,"Korea, Rep.",1971,16.0407,62.443658537,1
KOR,"Korea, Rep.",1972,16.0358,62.841463415,1
KOR,"Korea, Rep.",1973,16.3623,63.229512195,1
KOR,"Korea, Rep.",1974,16.6344,63.597560976,1
KOR,"Korea, Rep.",1975,28.8199,63.955853659,1
KOR,"Korea, Rep.",1976,34.0852,64.304146341,1
KOR,"Korea, Rep.",1977,37.9691,64.647560976,1
KOR,"Korea, Rep.",1978,48.0566,64.976097561,1
KOR,"Korea, Rep.",1979,72.2968,65.294634146,1
KOR,"Korea, Rep.",1980,83.6991,65.809268293,1
KOR,"Korea, Rep.",1981,100.321,66.309268293,1
KOR,"Korea, Rep.",1982,112.2503,66.784146341,1
KOR,"Korea, Rep.",1983,126.2749,67.239268293,1
KOR,"Korea, Rep.",1984,135.5984,67.903414634,1
KOR,"Korea, Rep.",1985,151.0003,68.532926829,1
KOR,"Korea, Rep.",1986,163.2956,69.183658537,1
KOR,"Korea, Rep.",1987,181.6437,69.809268293,1
KOR,"Korea, Rep.",1988,217.35,70.339268293,1
KOR,"Korea, Rep.",1989,274.2709,70.859512195,1
KOR,"Korea, Rep.",1990,304.9462,71.299756098,1
KOR,"Korea, Rep.",1991,329.3832,71.730243902,1
KOR,"Korea, Rep.",1992,366.4309,72.200487805,1
KOR,"Korea, Rep.",1993,387.3435,72.681951220,1
KOR,"Korea, Rep.",1994,407.2591,73.043170732,1
KOR,"Korea, Rep.",1995,457.9495,73.394390244,1
KOR,"Korea, Rep.",1996,523.5899,73.831219512,1
KOR,"Korea, Rep.",1997,556.243,74.247804878,1
KOR,"Korea, Rep.",1998,547.8676,74.680243902,1
KOR,"Korea, Rep.",1999,647.5179,75.373414634,1
KOR,"Korea, Rep.",2000,724.0871,75.835365854,1
KOR,"Korea, Rep.",2001,862.3864,76.341951220,1
KOR,"Korea, Rep.",2002,904.2233,76.839024390,1
KOR,"Korea, Rep.",2003,997.689,77.250243902,1
KOR,"Korea, Rep.",2004,1081.4534,77.846585366,1
KOR,"Korea, Rep.",2005,1220.0809,78.432682927,1
KOR,"Korea, Rep.",2006,1406.6213,78.969268293,1
KOR,"Korea, Rep.",2007,1566.6353,79.349512195,1
KOR,"Korea, Rep.",2008,1662.9686,79.832682927,1
KOR,"Korea, Rep.",2009,1791.2895,80.297317073,1
KOR,"Korea, Rep.",2010,1951.3258,80.551219512,1
KOR,"Korea, Rep.",2011,2029.6636,80.967073171,1
KOR,"Korea, Rep.",2012,2131.9334,81.213414634,1
KOR,"Korea, Rep.",2013,2224.6293,81.705121951,1
KOR,"Korea, Rep.",2014,2361.44,82.155853659,1
LUX,Luxembourg,1995,2282.8814,76.512195122,1
LUX,Luxembourg,1996,2394.4814,76.519512195,1
LUX,Luxembourg,1997,2402.6437,76.880487805,1
LUX,Luxembourg,1998,2574.1903,77.017073171,1
LUX,Luxembourg,1999,2983.2628,77.770731707,1
LUX,Luxembourg,2000,3466.2675,77.873170732,1
LUX,Luxembourg,2001,3792.6746,77.824390244,1
LUX,Luxembourg,2002,4223.3167,77.965853659,1
LUX,Luxembourg,2003,4478.8393,77.726829268,1
LUX,Luxembourg,2004,5059.9115,79.121951220,1
LUX,Luxembourg,2005,5090.3667,79.431707317,1
LUX,Luxembourg,2006,5512.8935,79.287804878,1
LUX,Luxembourg,2007,5500.6005,79.382926829,1
LUX,Luxembourg,2008,5938.8079,80.539024390,1
LUX,Luxembourg,2009,6355.5453,80.636585366,1
LUX,Luxembourg,2010,6401.8972,80.631707317,1
LUX,Luxembourg,2011,6040.591,80.987804878,1
LUX,Luxembourg,2012,6423.1651,81.392682927,1
LUX,Luxembourg,2013,6629.0284,81.8,1
LUX,Luxembourg,2014,6682.237,82.207317073,1
LVA,Latvia,1995,316.1527,66.391219512,1
LVA,Latvia,1996,357.0531,68.776585366,1
LVA,Latvia,1997,407.9162,69.349268293,1
LVA,Latvia,1998,443.0138,69.012195122,1
LVA,Latvia,1999,476.6602,69.742926829,1
LVA,Latvia,2000,480.353,70.314634146,1
LVA,Latvia,2001,548.44,70.760975610,1
LVA,Latvia,2002,622.1728,70.960975610,1
LVA,Latvia,2003,662.9195,71.265853659,1
LVA,Latvia,2004,780.0993,72.026829268,1
LVA,Latvia,2005,828.3765,71.356097561,1
LVA,Latvia,2006,954.2433,70.865853659,1
LVA,Latvia,2007,1099.1831,71.019512195,1
LVA,Latvia,2008,1119.7091,72.419512195,1
LVA,Latvia,2009,1049.1766,73.080487805,1
LVA,Latvia,2010,1071.4247,73.482926829,1
LVA,Latvia,2011,1086.9471,73.575609756,1
LVA,Latvia,2012,1148.7918,73.778048780,1
LVA,Latvia,2013,1219.4164,73.982926829,1
LVA,Latvia,2014,1295.0128,74.187804878,1
MEX,Mexico,1990,285.7207,70.795731707,1
MEX,Mexico,1991,325.5643,71.190975610,1
MEX,Mexico,1992,364.261,71.585829268,1
MEX,Mexico,1993,387.8606,71.977829268,1
MEX,Mexico,1994,407.6407,72.363853659,1
MEX,Mexico,1995,374.6792,72.739780488,1
MEX,Mexico,1996,359.1931,73.098902439,1
MEX,Mexico,1997,395.1057,73.437146341,1
MEX,Mexico,1998,421.4756,73.751414634,1
MEX,Mexico,1999,449.0194,74.039243902,1
MEX,Mexico,2000,484.3868,74.299731707,1
MEX,Mexico,2001,529.2534,74.533487805,1
MEX,Mexico,2002,557.88,74.744707317,1
MEX,Mexico,2003,642.5906,74.937512195,1
MEX,Mexico,2004,691.8534,75.115487805,1
MEX,Mexico,2005,730.8158,75.282097561,1
MEX,Mexico,2006,771.7252,75.438780488,1
MEX,Mexico,2007,822.3672,75.587926829,1
MEX,Mexico,2008,846.8494,75.732463415,1
MEX,Mexico,2009,889.1632,75.877414634,1
MEX,Mexico,2010,911.3509,76.026780488,1
MEX,Mexico,2011,942.4717,76.185658537,1
MEX,Mexico,2012,1005.8945,76.354097561,1
MEX,Mexico,2013,1021.2599,76.532658537,1
MEX,Mexico,2014,1035.3389,76.721853659,1
NLD,Netherlands,1972,281.4789,73.727073171,1
NLD,Netherlands,1973,313.6346,74.143902439,1
NLD,Netherlands,1974,365.8162,74.536829268,1
NLD,Netherlands,1975,419.7165,74.498780488,1
NLD,Netherlands,1976,455.6937,74.647073171,1
NLD,Netherlands,1977,497.4076,75.221463415,1
NLD,Netherlands,1978,551.5421,75.145121951,1
NLD,Netherlands,1979,620.2936,75.606097561,1
NLD,Netherlands,1980,698.4237,75.743170732,1
NLD,Netherlands,1981,762.9227,75.934390244,1
NLD,Netherlands,1982,823.657,75.988536585,1
NLD,Netherlands,1983,870.5367,76.164146341,1
NLD,Netherlands,1984,888.2889,76.233170732,1
NLD,Netherlands,1985,934.4091,76.284634146,1
NLD,Netherlands,1986,987.2535,76.270487805,1
NLD,Netherlands,1987,1042.1446,76.705121951,1
NLD,Netherlands,1988,1096.7847,76.890243902,1
NLD,Netherlands,1989,1212.3951,76.734146341,1
NLD,Netherlands,1990,1330.9081,76.878048780,1
NLD,Netherlands,1991,1433.0591,77,1
NLD,Netherlands,1992,1522.2756,77.217073171,1
NLD,Netherlands,1993,1588.271,76.916585366,1
NLD,Netherlands,1994,1634.1205,77.375121951,1
NLD,Netherlands,1995,1691.0385,77.404634146,1
NLD,Netherlands,1996,1758.7704,77.435609756,1
NLD,Netherlands,1997,1822.439,77.794390244,1
NLD,Netherlands,1998,1961.6286,77.882926829,1
NLD,Netherlands,1999,2076.1574,77.836585366,1
NLD,Netherlands,2000,2224.7504,77.987804878,1
NLD,Netherlands,2001,2441.0229,78.190243902,1
NLD,Netherlands,2002,2700.5099,78.292682927,1
NLD,Netherlands,2003,2853.4358,78.492682927,1
NLD,Netherlands,2004,3016.6645,79.095121951,1
NLD,Netherlands,2005,3510.9048,79.346341463,1
NLD,Netherlands,2006,3797.2679,79.697560976,1
NLD,Netherlands,2007,4066.1338,80.097560976,1
NLD,Netherlands,2008,4398.2743,80.251219512,1
NLD,Netherlands,2009,4550.4651,80.548780488,1
NLD,Netherlands,2010,4671.0098,80.702439024,1
NLD,Netherlands,2011,4862.459,81.204878049,1
NLD,Netherlands,2012,5044.2654,81.104878049,1
NLD,Netherlands,2013,5250.3058,81.304878049,1
NLD,Netherlands,2014,5276.6003,81.304878049,1
NOR,Norway,1970,133.1736,74.088048780,1
NOR,Norway,1971,156.7782,74.179268293,1
NOR,Norway,1972,185.9515,74.344634146,1
NOR,Norway,1973,210.1582,74.442195122,1
NOR,Norway,1974,236.5434,74.753658537,1
NOR,Norway,1975,292.6418,74.817560976,1
NOR,Norway,1976,333.3121,75.039512195,1
NOR,Norway,1977,382.545,75.386829268,1
NOR,Norway,1978,465.2548,75.418536585,1
NOR,Norway,1979,478.8375,75.413902439,1
NOR,Norway,1980,528.5853,75.671707317,1
NOR,Norway,1981,588.4691,75.869024390,1
NOR,Norway,1982,647.0286,76.010975610,1
NOR,Norway,1983,719.5041,76.066829268,1
NOR,Norway,1984,741.4723,76.224390244,1
NOR,Norway,1985,805.0504,75.916829268,1
NOR,Norway,1986,919.871,76.241219512,1
NOR,Norway,1987,993.5674,76.081707317,1
NOR,Norway,1988,1042.9272,76.220487805,1
NOR,Norway,1989,1060.1685,76.500487805,1
NOR,Norway,1990,1291.4821,76.537317073,1
NOR,Norway,1991,1422.3816,76.980731707,1
NOR,Norway,1992,1528.9346,77.184390244,1
NOR,Norway,1993,1574.586,77.151707317,1
NOR,Norway,1994,1659.9261,77.689756098,1
NOR,Norway,1995,1750.8758,77.736585366,1
NOR,Norway,1996,1910.4081,78.150487805,1
NOR,Norway,1997,2204.6489,78.142682927,1
NOR,Norway,1998,2354.4211,78.329268293,1
NOR,Norway,1999,2565.0829,78.282926829,1
NOR,Norway,2000,2836.1297,78.634146341,1
NOR,Norway,2001,3030.9077,78.785365854,1
NOR,Norway,2002,3398.0379,78.987804878,1
NOR,Norway,2003,3595.0564,79.390243902,1
NOR,Norway,2004,3811.3917,79.841463415,1
NOR,Norway,2005,4029.4379,80.041463415,1
NOR,Norway,2006,4329.4071,80.343902439,1
NOR,Norway,2007,4578.0888,80.395121951,1
NOR,Norway,2008,4973.2861,80.592682927,1
NOR,Norway,2009,5094.2532,80.795121951,1
NOR,Norway,2010,5240.4165,80.997560976,1
NOR,Norway,2011,5515.1289,81.295121951,1
NOR,Norway,2012,5738.4827,81.451219512,1
NOR,Norway,2013,5966.6373,81.751219512,1
NOR,Norway,2014,6080.998,81.751219512,1
NZL,New Zealand,1970,198.5489,71.273170732,1
NZL,New Zealand,1971,214.7995,71.773170732,1
NZL,New Zealand,1972,235.2392,71.829268293,1
NZL,New Zealand,1973,265.7134,71.668292683,1
NZL,New Zealand,1974,333.7933,71.924390244,1
NZL,New Zealand,1975,402.8334,72.219512195,1
NZL,New Zealand,1976,391.3625,72.421951220,1
NZL,New Zealand,1977,404.3243,72.168292683,1
NZL,New Zealand,1978,482.4218,73.019512195,1
NZL,New Zealand,1979,480.5465,73.068292683,1
NZL,New Zealand,1980,482.2414,72.829268293,1
NZL,New Zealand,1981,534.0187,73.621951220,1
NZL,New Zealand,1982,595.1715,73.724390244,1
NZL,New Zealand,1983,624.2208,73.775609756,1
NZL,New Zealand,1984,647.7618,74.370731707,1
NZL,New Zealand,1985,611.4766,73.829268293,1
NZL,New Zealand,1986,660.9666,74.121951220,1
NZL,New Zealand,1987,741.3847,74.178048780,1
NZL,New Zealand,1988,836.1422,74.424390244,1
NZL,New Zealand,1989,894.4636,74.824390244,1
NZL,New Zealand,1990,972.917,75.378048780,1
NZL,New Zealand,1991,1033.6659,76.031707317,1
NZL,New Zealand,1992,1077.7332,76.124390244,1
NZL,New Zealand,1993,1105.3212,76.434146341,1
NZL,New Zealand,1994,1185.3952,76.882926829,1
NZL,New Zealand,1995,1243.0449,76.734146341,1
NZL,New Zealand,1996,1272.288,76.787804878,1
NZL,New Zealand,1997,1358.0977,77.334146341,1
NZL,New Zealand,1998,1451.6511,78.085365854,1
NZL,New Zealand,1999,1522.3195,77.890243902,1
NZL,New Zealand,2000,1607.0072,78.636585366,1
NZL,New Zealand,2001,1705.2852,78.692682927,1
NZL,New Zealand,2002,1841.3031,78.846341463,1
NZL,New Zealand,2003,1849.9565,79.146341463,1
NZL,New Zealand,2004,1981.8474,79.548780488,1
NZL,New Zealand,2005,2124.3824,79.851219512,1
NZL,New Zealand,2006,2394.4802,80.048780488,1
NZL,New Zealand,2007,2444.5154,80.151219512,1
NZL,New Zealand,2008,2729.96,80.351219512,1
NZL,New Zealand,2009,2970.2107,80.702439024,1
NZL,New Zealand,2010,3020.3961,80.702439024,1
NZL,New Zealand,2011,3130.8058,80.904878049,1
NZL,New Zealand,2012,3199.4632,81.156097561,1
NZL,New Zealand,2013,3486.433,81.407317073,1
NZL,New Zealand,2014,3537.2568,81.404878049,1
POL,Poland,1990,264.8838,70.890243902,1
POL,Poland,1991,280.6377,70.587804878,1
POL,Poland,1992,307.2336,71.090243902,1
POL,Poland,1993,331.9318,71.595121951,1
POL,Poland,1994,348.0157,71.695121951,1
POL,Poland,1995,373.2969,71.892682927,1
POL,Poland,1996,430.5564,72.246341463,1
POL,Poland,1997,453.8275,72.646341463,1
POL,Poland,1998,475.168,72.997560976,1
POL,Poland,1999,547.0443,73.043902439,1
POL,Poland,2000,562.0242,73.748780488,1
POL,Poland,2001,622.7935,74.2,1
POL,Poland,2002,704.7175,74.497560976,1
POL,Poland,2003,718.1629,74.597560976,1
POL,Poland,2004,770.5865,74.846341463,1
POL,Poland,2005,806.3174,74.995121951,1
POL,Poland,2006,882.2359,75.143902439,1
POL,Poland,2007,992.6475,75.243902439,1
POL,Poland,2008,1158.0342,75.543902439,1
POL,Poland,2009,1270.2808,75.695121951,1
POL,Poland,2010,1340.7184,76.246341463,1
POL,Poland,2011,1404.1005,76.695121951,1
POL,Poland,2012,1463.748,76.746341463,1
POL,Poland,2013,1580.371,77,1
POL,Poland,2014,1624.8655,77.253658537,1
PRT,Portugal,1970,45.35,67.073170732,1
PRT,Portugal,1971,54.6689,66.770731707,1
PRT,Portugal,1972,76.1216,68.324390244,1
PRT,Portugal,1973,96.4832,67.524390244,1
PRT,Portugal,1974,112.1765,68.019512195,1
PRT,Portugal,1975,154.4927,68.309756098,1
PRT,Portugal,1976,163.886,68.860975610,1
PRT,Portugal,1977,162.3001,70.012195122,1
PRT,Portugal,1978,182.1873,70.317073171,1
PRT,Portugal,1979,200.3286,71.168292683,1
PRT,Portugal,1980,264.2319,71.214634146,1
PRT,Portugal,1981,305.3306,71.614634146,1
PRT,Portugal,1982,333.1386,72.414634146,1
PRT,Portugal,1983,326.4657,72.265853659,1
PRT,Portugal,1984,339.0358,72.514634146,1
PRT,Portugal,1985,389.0126,72.814634146,1
PRT,Portugal,1986,456.3351,73.265853659,1
PRT,Portugal,1987,484.2448,73.665853659,1
PRT,Portugal,1988,561.7408,73.714634146,1
PRT,Portugal,1989,573.3407,74.265853659,1
PRT,Portugal,1990,616.9194,73.965853659,1
PRT,Portugal,1991,730.1072,74.014634146,1
PRT,Portugal,1992,773.8947,74.312195122,1
PRT,Portugal,1993,808.5116,74.512195122,1
PRT,Portugal,1994,828.1529,74.914634146,1
PRT,Portugal,1995,984.1816,75.312195122,1
PRT,Portugal,1996,1056.8077,75.260975610,1
PRT,Portugal,1997,1115.4084,75.412195122,1
PRT,Portugal,1998,1166.5307,75.712195122,1
PRT,Portugal,1999,1280.6509,75.963414634,1
PRT,Portugal,2000,1494.6821,76.314634146,1
PRT,Portugal,2001,1562.2151,76.814634146,1
PRT,Portugal,2002,1654.4182,77.065853659,1
PRT,Portugal,2003,1764.6203,77.219512195,1
PRT,Portugal,2004,1886.7594,77.670731707,1
PRT,Portugal,2005,2082.2039,78.070731707,1
PRT,Portugal,2006,2181.0053,78.419512195,1
PRT,Portugal,2007,2286.5402,78.321951220,1
PRT,Portugal,2008,2440.611,78.524390244,1
PRT,Portugal,2009,2589.1595,78.726829268,1
PRT,Portugal,2010,2645.6631,79.026829268,1
PRT,Portugal,2011,2566.9707,80.470731707,1
PRT,Portugal,2012,2535.7284,80.373170732,1
PRT,Portugal,2013,2538.7046,80.721951220,1
PRT,Portugal,2014,2583.8438,80.721951220,1
SVK,Slovak Republic,1997,562.9105,72.704878049,1
SVK,Slovak Republic,1998,583.252,72.551219512,1
SVK,Slovak Republic,1999,585.457,72.902439024,1
SVK,Slovak Republic,2000,592.8044,73.051219512,1
SVK,Slovak Republic,2001,653.456,73.402439024,1
SVK,Slovak Republic,2002,724.7334,73.604878049,1
SVK,Slovak Republic,2003,759.0556,73.604878049,1
SVK,Slovak Republic,2004,971.2235,73.958536585,1
SVK,Slovak Republic,2005,1093.9081,73.904878049,1
SVK,Slovak Republic,2006,1294.5212,74.204878049,1
SVK,Slovak Republic,2007,1545.5981,74.207317073,1
SVK,Slovak Republic,2008,1665.2449,74.704878049,1
SVK,Slovak Republic,2009,1849.6847,74.909756098,1
SVK,Slovak Republic,2010,1917.8972,75.112195122,1
SVK,Slovak Republic,2011,1871.8732,75.958536585,1
SVK,Slovak Republic,2012,1999.5644,76.109756098,1
SVK,Slovak Republic,2013,2073.0478,76.412195122,1
SVK,Slovak Republic,2014,1970.523,76.714634146,1
SVN,Slovenia,1995,970.6971,73.958536585,1
SVN,Slovenia,1996,1055.5687,74.458536585,1
SVN,Slovenia,1997,1149.7902,74.707317073,1
SVN,Slovenia,1998,1224.4156,74.807317073,1
SVN,Slovenia,1999,1303.4448,75.009756098,1
SVN,Slovenia,2000,1451.1511,75.412195122,1
SVN,Slovenia,2001,1581.6287,75.758536585,1
SVN,Slovenia,2002,1609.4541,76.007317073,1
SVN,Slovenia,2003,1692.7708,76.858536585,1
SVN,Slovenia,2004,1798.5475,77.207317073,1
SVN,Slovenia,2005,1902.6718,77.612195122,1
SVN,Slovenia,2006,2018.3504,78.086585366,1
SVN,Slovenia,2007,2074.3104,78.560975610,1
SVN,Slovenia,2008,2323.2728,78.765853659,1
SVN,Slovenia,2009,2355.0227,78.970731707,1
SVN,Slovenia,2010,2363.6692,79.421951220,1
SVN,Slovenia,2011,2435.0835,79.970731707,1
SVN,Slovenia,2012,2486.6141,80.124390244,1
SVN,Slovenia,2013,2548.6819,80.321951220,1
SVN,Slovenia,2014,2598.9066,80.519512195,1
SWE,Sweden,1970,266.0831,74.649268293,1
SWE,Sweden,1971,302.6247,74.623902439,1
SWE,Sweden,1972,327.5264,74.718048780,1
SWE,Sweden,1973,356.8408,74.867317073,1
SWE,Sweden,1974,416.1785,74.980487805,1
SWE,Sweden,1975,485.6318,74.984634146,1
SWE,Sweden,1976,538.2929,74.969268293,1
SWE,Sweden,1977,622.7401,75.379756098,1
SWE,Sweden,1978,680.4523,75.469024390,1
SWE,Sweden,1979,752.2703,75.524146341,1
SWE,Sweden,1980,866.5531,75.740975610,1
SWE,Sweden,1981,963.2356,76.026097561,1
SWE,Sweden,1982,1046.4884,76.327317073,1
SWE,Sweden,1983,1095.6925,76.551707317,1
SWE,Sweden,1984,1152.9266,76.815853659,1
SWE,Sweden,1985,1151.9123,76.667804878,1
SWE,Sweden,1986,1166.1314,76.931219512,1
SWE,Sweden,1987,1245.4541,77.092195122,1
SWE,Sweden,1988,1300.728,76.979268293,1
SWE,Sweden,1989,1389.4044,77.726829268,1
SWE,Sweden,1990,1456.7809,77.536829268,1
SWE,Sweden,1991,1475.3174,77.666829268,1
SWE,Sweden,1992,1541.0065,77.998780488,1
SWE,Sweden,1993,1585.7975,78.060487805,1
SWE,Sweden,1994,1588.781,78.650243902,1
SWE,Sweden,1995,1659.0003,78.740487805,1
SWE,Sweden,1996,1768.8161,78.959024390,1
SWE,Sweden,1997,1793.1756,79.197560976,1
SWE,Sweden,1998,1891.2871,79.339024390,1
SWE,Sweden,1999,2015.6244,79.441463415,1
SWE,Sweden,2000,2177.5321,79.643902439,1
SWE,Sweden,2001,2395.6745,79.795121951,1
SWE,Sweden,2002,2574.7376,79.846341463,1
SWE,Sweden,2003,2713.9253,80.095121951,1
SWE,Sweden,2004,2830.3305,80.497560976,1
SWE,Sweden,2005,2841.8221,80.546341463,1
SWE,Sweden,2006,3066.2039,80.748780488,1
SWE,Sweden,2007,3274.849,80.9,1
SWE,Sweden,2008,3481.5901,81.1,1
SWE,Sweden,2009,3547.1337,81.351219512,1
SWE,Sweden,2010,3543.5822,81.451219512,1
SWE,Sweden,2011,4667.6964,81.802439024,1
SWE,Sweden,2012,4860.2524,81.704878049,1
SWE,Sweden,2013,5003.1323,81.956097561,1
SWE,Sweden,2014,5065.1613,81.956097561,1
TUR,Turkey,1975,45.5623,55.385219512,1
TUR,Turkey,1976,40.9581,56.049756098,1
TUR,Turkey,1977,51.5739,56.718682927,1
TUR,Turkey,1978,61.9462,57.385,1
TUR,Turkey,1979,64.6638,58.044268293,1
TUR,Turkey,1980,69.4238,58.691585366,1
TUR,Turkey,1981,85.3679,59.326121951,1
TUR,Turkey,1982,76.3853,59.946463415,1
TUR,Turkey,1983,83.6714,60.552658537,1
TUR,Turkey,1984,86.4412,61.143195122,1
TUR,Turkey,1985,64.0561,61.714439024,1
TUR,Turkey,1986,84.4765,62.262268293,1
TUR,Turkey,1987,95.7156,62.787512195,1
TUR,Turkey,1988,108.3045,63.294536585,1
TUR,Turkey,1989,120.8851,63.790317073,1
TUR,Turkey,1990,144.1129,64.282341463,1
TUR,Turkey,1991,167.3948,64.783097561,1
TUR,Turkey,1992,175.4861,65.300219512,1
TUR,Turkey,1993,186.8433,65.837902439,1
TUR,Turkey,1994,172.3677,66.398731707,1
TUR,Turkey,1995,172.7806,66.981926829,1
TUR,Turkey,1996,214.7436,67.586219512,1
TUR,Turkey,1997,249.5353,68.199682927,1
TUR,Turkey,1998,294.7179,68.812268293,1
TUR,Turkey,1999,357.0304,69.415390244,1
TUR,Turkey,2000,423.9505,69.999341463,1
TUR,Turkey,2001,433.5375,70.555804878,1
TUR,Turkey,2002,453.351,71.081975610,1
TUR,Turkey,2003,459.0445,71.574195122,1
TUR,Turkey,2004,521.3,72.029878049,1
TUR,Turkey,2005,585.6594,72.448121951,1
TUR,Turkey,2006,697.3519,72.828585366,1
TUR,Turkey,2007,766.8245,73.177073171,1
TUR,Turkey,2008,827.3149,73.500756098,1
TUR,Turkey,2009,841.2871,73.803219512,1
TUR,Turkey,2010,852.6704,74.090926829,1
TUR,Turkey,2011,887.9525,74.367341463,1
TUR,Turkey,2012,911.293,74.636804878,1
TUR,Turkey,2013,969.3608,74.900707317,1
TUR,Turkey,2014,990.1908,75.163512195,1
USA,United States,1970,326.9704,70.807317073,1
USA,United States,1971,357.983,71.107317073,1
USA,United States,1972,397.1014,71.156097561,1
USA,United States,1973,439.3022,71.356097561,1
USA,United States,1974,495.123,71.956097561,1
USA,United States,1975,560.7455,72.604878049,1
USA,United States,1976,638.8557,72.856097561,1
USA,United States,1977,726.2369,73.256097561,1
USA,United States,1978,808.8881,73.356097561,1
USA,United States,1979,908.9625,73.804878049,1
USA,United States,1980,1036.3091,73.609756098,1
USA,United States,1981,1191.5418,74.009756098,1
USA,United States,1982,1329.6731,74.360975610,1
USA,United States,1983,1451.9445,74.463414634,1
USA,United States,1984,1590.6675,74.563414634,1
USA,United States,1985,1735.1606,74.563414634,1
USA,United States,1986,1847.7769,74.614634146,1
USA,United States,1987,1990.545,74.765853659,1
USA,United States,1988,2210.6963,74.765853659,1
USA,United States,1989,2440.0611,75.017073171,1
USA,United States,1990,2700.3541,75.214634146,1
USA,United States,1991,2915.9548,75.365853659,1
USA,United States,1992,3113.8468,75.617073171,1
USA,United States,1993,3299.9756,75.419512195,1
USA,United States,1994,3441.9579,75.619512195,1
USA,United States,1995,3598.3956,75.621951220,1
USA,United States,1996,3747.6148,76.026829268,1
USA,United States,1997,3906.5102,76.429268293,1
USA,United States,1998,4084.8368,76.580487805,1
USA,United States,1999,4291.5721,76.582926829,1
USA,United States,2000,4558.9524,76.636585366,1
USA,United States,2001,4910.6156,76.836585366,1
USA,United States,2002,5327.8052,76.936585366,1
USA,United States,2003,5737.4608,77.036585366,1
USA,United States,2004,6096.5355,77.487804878,1
USA,United States,2005,6445.7053,77.487804878,1
USA,United States,2006,6809.4762,77.687804878,1
USA,United States,2007,7163.1718,77.987804878,1
USA,United States,2008,7414.0435,78.039024390,1
USA,United States,2009,7684.7611,78.390243902,1
USA,United States,2010,7929.372,78.541463415,1
USA,United States,2011,8171.0784,78.641463415,1
USA,United States,2012,8422.99,78.741463415,1
USA,United States,2013,8617.4287,78.841463415,1
USA,United States,2014,9024.2064,78.941463415,1
